Rivista,A,B,C,D,E
ACM Computing Surveys,0,,,,
ACM Transactions on Computation Theory,4,0,,,
Transactions on Computational Logic ACM,11,0,0,,
Transactions on Computer-Human Interaction ACM,1,0,,,
Transactions on Computing Education ACM,3,0,,,
ACM Transactions on Database Systems,1,0,,,
ACM Transactions on Graphics,0,,,,
ACM Transactions on Information Systems,1,0,,,
ACM Transactions on Intelligent Systems and Technology,1,0,,,
ACM Transactions on Interactive Intelligent Systems,4,0,,,
ACM Transactions on Internet Technology,1,0,,,
ACM Transactions on Knowledge Discovery from Data,2,0,,,
ACM Transactions on Mathematical Software,3,0,,,
ACM Transactions on Multimedia Computing Communications and Applications,2,0,,,
ACM Transactions on Programming Languages and Systems,8,0,,,
ACM Transactions on Sensor Networks,2,0,,,
ACM Transactions on Software Engineering and Methodology,1,0,,,
Ad Hoc Networks,2,0,,,
Advanced Engineering Informatics,1,0,,,
Advances in Computational Mathematics,4,0,,,
AI and Society,4,0,,,
Algorithmica,7,0,,,
Annals of GIS,6,0,,,
Applied Intelligence,2,0,,,
Applied Mathematics and Computation,3,0,,,
Applied Soft Computing Journal,1,0,,,
APSIPA Transactions on Signal and Information Processing,3,0,,,
Artificial Intelligence,1,0,,,
Artificial Intelligence and Law,1,0,,,
Artificial Intelligence in Medicine,1,0,,,
Artificial Intelligence Review,0,,,,
Autonomous Agents and Multi-Agent Systems,25,1,0,,
Autonomous Robots,1,0,,,
Behaviour and Information Technology,4,0,,,
Big Data,22,1,0,,
Big Data Research,15,0,0,,
BioData Mining,5,0,,,
Bioinformatics,1,0,,,
Bioinformatics and Biology Insights,4,0,,,
Biomedical Signal Processing and Control,2,0,,,
BMC Bioinformatics,4,0,,,
BMC Medical Informatics and Decision Making,4,0,,,
Brain Informatics,4,0,,,
Briefings in Bioinformatics,1,0,,,
Business and Information Systems Engineering,1,0,,,
Business Process Management Journal,7,0,,,
Cluster Computing,3,0,,,
Cognitive Computation,2,0,,,
Cognitive Science,3,0,,,
Cognitive Systems Research,5,0,,,
Combinatorica,2,0,,,
Combinatorics Probability and Computing,4,0,,,
Complex Adaptive Systems Modeling,4,0,,,
Computational Linguistics,2,0,,,
Computational Optimization and Applications,2,0,,,
Computational Statistics and Data Analysis,4,0,,,
Computational Visual Media,0,,,,
Computer Assisted Language Learning,1,0,,,
Computer Communication Review,11,0,0,,
Computer Communications,2,0,,,
Computer Graphics Forum,1,0,,,
Computer Law and Security Review,128,1,0,,
Computer Methods and Programs in Biomedicine,2,0,,,
Computer Networks,1,0,,,
Computer Science Education,5,0,,,
Computer Speech and Language,3,0,,,
Computer Standards and Interfaces,1,0,,,
Computer Vision and Image Understanding,1,0,,,
Computer-Aided Civil and Infrastructure Engineering,1,0,,,
Computerized Medical Imaging and Graphics,1,0,,,
Computers and Chemical Engineering,8,0,,,
Computers and Education,0,,,,
Computers and Electrical Engineering,3,0,,,
Computers and Electronics in Agriculture,1,0,,,
Computers and Geosciences,2,0,,,
Computers and Industrial Engineering,1,0,,,
Computers and Mathematics with Applications,5,0,,,
Computers and Security,1,0,,,
Computers in Biology and Medicine,1,0,,,
Computers in Human Behavior,1,0,,,
Computing (Vienna/New York),5,0,,,
Computing and Visualization in Science,2,0,,,
Cryptography and Communications,7,0,,,
Cyberpsychology Behavior and Social Networking,1,0,,,
Data Mining and Knowledge Discovery,1,0,,,
Data Science and Engineering,1,0,,,
Data Science Journal,2,0,,,
Database: the journal of biological databases and curation,1,0,,,
Decision Analysis,3,0,,,
Decision Sciences,1,0,,,
Decision Support Systems,1,0,,,
Designs Codes and Cryptography,2,0,,,
Digital Communications and Networks,1,0,,,
Discrete Event Dynamic Systems: Theory and Applications,2,0,,,
Distributed Computing,3,0,,,
Ecological Informatics,3,0,,,
Education and Information Technologies,2,0,,,
Electronic Commerce Research and Applications,2,0,,,
Electronic Journal of Combinatorics,8,0,,,
Electronic Markets,1,0,,,
Empirical Software Engineering,1,0,,,
Engineering Applications of Artificial Intelligence,1,0,,,
Engineering with Computers,3,0,,,
Foundations and Trends in Machine Learning,0,,,,
Foundations and Trends in Programming Languages,2,0,,,
Foundations of Computational Mathematics,1,0,,,
Frontiers of Computer Science,3,0,,,
Future Generation Computer Systems,1,0,,,
Fuzzy Optimization and Decision Making,1,0,,,
Fuzzy Sets and Systems,4,0,,,
Games and Culture,4,0,,,
Games and Economic Behavior,1,0,,,
Geo-Spatial Information Science,3,0,,,
Human-centric Computing and Information Sciences,2,0,,,
Human-Computer Interaction,1,0,,,
ICT Express,2,0,,,
IEEE Access,5,0,,,
IEEE Communications Letters,1,0,,,
IEEE Communications Surveys and Tutorials,0,,,,
IEEE Control Systems Letters,1,0,,,
IEEE Intelligent Systems,1,0,,,
IEEE Internet of Things Journal,0,,,,
IEEE Journal of Biomedical and Health Informatics,1,0,,,
IEEE Journal of Selected Topics in Applied Earth Observations and Remote Sensing,1,0,,,
IEEE Journal on Selected Areas in Communications,0,,,,
IEEE Journal on Selected Topics in Signal Processing,0,,,,
IEEE Micro,2,0,,,
IEEE Robotics and Automation Letters,1,0,,,
IEEE Signal Processing Letters,2,0,,,
IEEE Systems Journal,2,0,,,
IEEE Transactions on Affective Computing,1,0,,,
IEEE Transactions on Automatic Control,0,,,,
IEEE Transactions on Automation Science and Engineering,1,0,,,
IEEE Transactions on Big Data,1,0,,,
IEEE Transactions on Biomedical Engineering,2,0,,,
IEEE Transactions on Broadcasting,2,0,,,
IEEE Transactions on Cloud Computing,1,0,,,
IEEE Transactions on Cognitive and Developmental Systems,2,0,,,
IEEE Transactions on Cognitive Communications and Networking,0,,,,
IEEE Transactions on Communications,0,,,,
IEEE Transactions on Computational Social Systems,1,0,,,
IEEE Transactions on Computer-Aided Design of Integrated Circuits and Systems,5,0,,,
IEEE Transactions on Computers,2,0,,,
IEEE Transactions on Consumer Electronics,2,0,,,
IEEE Transactions on Control of Network Systems,1,0,,,
IEEE Transactions on Cybernetics,0,,,,
IEEE Transactions on Dependable and Secure Computing,1,0,,,
IEEE Transactions on Emerging Topics in Computing,1,0,,,
IEEE Transactions on Evolutionary Computation,0,,,,
IEEE Transactions on Fuzzy Systems,0,,,,
IEEE Transactions on Green Communications and Networking,1,0,,,
IEEE Transactions on Haptics,8,0,,,
IEEE Transactions on Human-Machine Systems,2,0,,,
IEEE Transactions on Image Processing,0,,,,
IEEE Transactions on Industrial Informatics,0,,,,
IEEE Transactions on Information Forensics and Security,1,0,,,
IEEE Transactions on Information Theory,1,0,,,
IEEE Transactions on Intelligent Transportation Systems,1,0,,,
IEEE Transactions on Knowledge and Data Engineering,1,0,,,
IEEE Transactions on Learning Technologies,1,0,,,
IEEE Transactions on Medical Imaging,0,,,,
IEEE Transactions on Mobile Computing,1,0,,,
IEEE Transactions on Multimedia,1,0,,,
IEEE Transactions on Network and Service Management,1,0,,,
IEEE Transactions on Network Science and Engineering,1,0,,,
International Journal on Document Analysis and Recognition,1,0,,,
International Journal on Semantic Web and Information Systems,5,0,,,
International Transactions in Operational Research,3,0,,,
JASSS,8,0,,,
Journal of Ambient Intelligence and Humanized Computing,3,0,,,
Journal of Artificial Intelligence and Soft Computing Research,4,0,,,
Journal of Artificial Intelligence Research,1,0,,,
Journal of Automated Reasoning,12,0,0,,
Journal of Big Data,1,0,,,
Journal of Chemical Information and Modeling,2,0,,,
Journal of Cheminformatics,1,0,,,
Journal of Cloud Computing,4,0,,,
Journal of Combinatorial Theory - Series A,2,0,,,
Journal of Combinatorial Theory Series B,1,0,,,
Journal of Communications and Networks,1,0,,,
Journal of Complexity,3,0,,,
Journal of Computational and Applied Mathematics,22,1,0,,
Journal of Computer and System Sciences,2,0,,,